VehicleRegistrationNumber,CompanyName,FleetName,LocationName,InspectionBeginTime,InspectionFullNumber,Inspection_Mileage,VehicleClassName,AxleConfigurationName,VehicleMakeName,VehicleModelName,VehicleStatusId,TyreSerialNumber,Wheel_Position,TyreMakeName,TyrePatternName,TyreSizeName,TyreLifeName,TD1,TD2,TD3,Profundidad inicial,Precio,Min,Prom,%,Dinero perdido 1,Punto de retiro,Pérdida total
AVO933,CORCELIP,CORCELIP,EL AGUSTINO,2021-06-18 14:54:44.8860000 +00:00,IP2449451S,113022,Truck - Dump,S2.C4.D4,Generic,Generic,3A124BBA-6ECB-46A8-8932-06D24E55E3B9,AVO933010101,1LI,Ninguno,Ninguno,11R22.5,New,6.2,5,6.5,,,,,,,,
AVO933,CORCELIP,CORCELIP,EL AGUSTINO,2021-06-18 14:54:44.8860000 +00:00,IP2449451S,113022,Truck - Dump,S2.C4.D4,Generic,Generic,3A124BBA-6ECB-46A8-8932-06D24E55E3B9,AVO933010401,1RI,Ninguno,Ninguno,11R22.5,New,7.7,6.3,6.9,,,,,,,,
AVO933,CORCELIP,CORCELIP,EL AGUSTINO,2021-06-18 14:54:44.8860000 +00:00,IP2449451S,113022,Truck - Dump,S2.C4.D4,Generic,Generic,3A124BBA-6ECB-46A8-8932-06D24E55E3B9,AVO933020201,2LI,Ninguno,Ninguno,11R22.5,New,4,3.7,2.9,,,,,,,,
AVO933,CORCELIP,CORCELIP,EL AGUSTINO,2021-06-18 14:54:44.8860000 +00:00,IP2449451S,113022,Truck - Dump,S2.C4.D4,Generic,Generic,3A124BBA-6ECB-46A8-8932-06D24E55E3B9,AVO933020101,2LO,Ninguno,Ninguno,11R22.5,New,3.9,3.5,3.9,,,,,,,,
AVO933,CORCELIP,CORCELIP,EL AGUSTINO,2021-06-18 14:54:44.8860000 +00:00,IP2449451S,113022,Truck - Dump,S2.C4.D4,Generic,Generic,3A124BBA-6ECB-46A8-8932-06D24E55E3B9,AVO933020301,2RI,Ninguno,Ninguno,11R22.5,New,1.8,0.9,1.9,,,,,,,,
AVO933,CORCELIP,CORCELIP,EL AGUSTINO,2021-06-18 14:54:44.8860000 +00:00,IP2449451S,113022,Truck - Dump,S2.C4.D4,Generic,Generic,3A124BBA-6ECB-46A8-8932-06D24E55E3B9,AVO933020401,2RO,Ninguno,Ninguno,11R22.5,New,1.8,1.3,2.6,,,,,,,,
AVO933,CORCELIP,CORCELIP,EL AGUSTINO,2021-06-18 14:54:44.8860000 +00:00,IP2449451S,113022,Truck - Dump,S2.C4.D4,Generic,Generic,3A124BBA-6ECB-46A8-8932-06D24E55E3B9,43022,3LI,ARMKING,RK29,11R22.5,New,11.4,12.4,13.7,,,,,,,,
AVO933,CORCELIP,CORCELIP,EL AGUSTINO,2021-06-18 14:54:44.8860000 +00:00,IP2449451S,113022,Truck - Dump,S2.C4.D4,Generic,Generic,3A124BBA-6ECB-46A8-8932-06D24E55E3B9,43023,3LO,ARMKING,RK29,11R22.5,New,12.7,13.4,11.9,,,,,,,,
AVO933,CORCELIP,CORCELIP,EL AGUSTINO,2021-06-18 14:54:44.8860000 +00:00,IP2449451S,113022,Truck - Dump,S2.C4.D4,Generic,Generic,3A124BBA-6ECB-46A8-8932-06D24E55E3B9,43019,3RI,ARMKING,RK29,11R22.5,New,11,12.8,12.7,,,,,,,,
AVO933,CORCELIP,CORCELIP,EL AGUSTINO,2021-06-18 14:54:44.8860000 +00:00,IP2449451S,113022,Truck - Dump,S2.C4.D4,Generic,Generic,3A124BBA-6ECB-46A8-8932-06D24E55E3B9,43021,3RO,ARMKING,RK29,11R22.5,New,13.2,13.1,12.2,,,,,,,,
AVO933,CORCELIP,CORCELIP,EL AGUSTINO,2021-06-18 15:33:45.8140000 +00:00,IP2449485S,113022,Truck - Dump,S2.C4.D4,Generic,Generic,3A124BBA-6ECB-46A8-8932-06D24E55E3B9,AVO933010101,1LI,Ninguno,Ninguno,11R22.5,New,6.6,4.9,6.4,,,,,,,,
AVO933,CORCELIP,CORCELIP,EL AGUSTINO,2021-06-18 15:33:45.8140000 +00:00,IP2449485S,113022,Truck - Dump,S2.C4.D4,Generic,Generic,3A124BBA-6ECB-46A8-8932-06D24E55E3B9,AVO933010401,1RI,Ninguno,Ninguno,11R22.5,New,7.6,6.1,6.7,,,,,,,,
AVO933,CORCELIP,CORCELIP,EL AGUSTINO,2021-06-18 15:33:45.8140000 +00:00,IP2449485S,113022,Truck - Dump,S2.C4.D4,Generic,Generic,3A124BBA-6ECB-46A8-8932-06D24E55E3B9,AVO933020201,2LI,Ninguno,Ninguno,11R22.5,New,4,3.6,2.8,,,,,,,,
AVO933,CORCELIP,CORCELIP,EL AGUSTINO,2021-06-18 15:33:45.8140000 +00:00,IP2449485S,113022,Truck - Dump,S2.C4.D4,Generic,Generic,3A124BBA-6ECB-46A8-8932-06D24E55E3B9,AVO933020101,2LO,Ninguno,Ninguno,11R22.5,New,3.6,3.4,3.7,,,,,,,,
AVO933,CORCELIP,CORCELIP,EL AGUSTINO,2021-06-18 15:33:45.8140000 +00:00,IP2449485S,113022,Truck - Dump,S2.C4.D4,Generic,Generic,3A124BBA-6ECB-46A8-8932-06D24E55E3B9,AVO933020301,2RI,Ninguno,Ninguno,11R22.5,New,1.8,0.8,2.3,,,,,,,,
AVO933,CORCELIP,CORCELIP,EL AGUSTINO,2021-06-18 15:33:45.8140000 +00:00,IP2449485S,113022,Truck - Dump,S2.C4.D4,Generic,Generic,3A124BBA-6ECB-46A8-8932-06D24E55E3B9,AVO933020401,2RO,Ninguno,Ninguno,11R22.5,New,1.7,1.7,2,,,,,,,,
AVO933,CORCELIP,CORCELIP,EL AGUSTINO,2021-06-18 15:33:45.8140000 +00:00,IP2449485S,113022,Truck - Dump,S2.C4.D4,Generic,Generic,3A124BBA-6ECB-46A8-8932-06D24E55E3B9,43022,3LI,ARMKING,RK29,11R22.5,New,11.4,13.1,13.6,,,,,,,,
AVO933,CORCELIP,CORCELIP,EL AGUSTINO,2021-06-18 15:33:45.8140000 +00:00,IP2449485S,113022,Truck - Dump,S2.C4.D4,Generic,Generic,3A124BBA-6ECB-46A8-8932-06D24E55E3B9,43023,3LO,ARMKING,RK29,11R22.5,New,11.4,12.9,12.5,,,,,,,,
AVO933,CORCELIP,CORCELIP,EL AGUSTINO,2021-06-18 15:33:45.8140000 +00:00,IP2449485S,113022,Truck - Dump,S2.C4.D4,Generic,Generic,3A124BBA-6ECB-46A8-8932-06D24E55E3B9,43019,3RI,ARMKING,RK29,11R22.5,New,11.8,12.7,11.1,,,,,,,,
AVO933,CORCELIP,CORCELIP,EL AGUSTINO,2021-06-18 15:33:45.8140000 +00:00,IP2449485S,113022,Truck - Dump,S2.C4.D4,Generic,Generic,3A124BBA-6ECB-46A8-8932-06D24E55E3B9,43021,3RO,ARMKING,RK29,11R22.5,New,12.3,13,12.6,,,,,,,,
F3A937,CORCELIP,CORCELIP,EL AGUSTINO,2021-06-18 16:13:12.3750000 +00:00,IP2449493S,243745,Truck - Dump,S2.C4.D4,Generic,Generic,3A124BBA-6ECB-46A8-8932-06D24E55E3B9,F3A937010101,1LI,Ninguno,Ninguno,11R22.5,New,6.4,5.5,5,,,,,,,,
F3A937,CORCELIP,CORCELIP,EL AGUSTINO,2021-06-18 16:13:12.3750000 +00:00,IP2449493S,243745,Truck - Dump,S2.C4.D4,Generic,Generic,3A124BBA-6ECB-46A8-8932-06D24E55E3B9,F3A937010401,1RI,Ninguno,Ninguno,11R22.5,New,4.9,6.6,7.3,,,,,,,,
F3A937,CORCELIP,CORCELIP,EL AGUSTINO,2021-06-18 16:13:12.3750000 +00:00,IP2449493S,243745,Truck - Dump,S2.C4.D4,Generic,Generic,3A124BBA-6ECB-46A8-8932-06D24E55E3B9,F3A937020201,2LI,Ninguno,Ninguno,11R22.5,New,0.1,0.1,0.1,,,,,,,,
F3A937,CORCELIP,CORCELIP,EL AGUSTINO,2021-06-18 16:13:12.3750000 +00:00,IP2449493S,243745,Truck - Dump,S2.C4.D4,Generic,Generic,3A124BBA-6ECB-46A8-8932-06D24E55E3B9,F3A937020101,2LO,Ninguno,Ninguno,11R22.5,New,0.1,0.1,0.1,,,,,,,,
F3A937,CORCELIP,CORCELIP,EL AGUSTINO,2021-06-18 16:13:12.3750000 +00:00,IP2449493S,243745,Truck - Dump,S2.C4.D4,Generic,Generic,3A124BBA-6ECB-46A8-8932-06D24E55E3B9,F3A937020301,2RI,Ninguno,Ninguno,11R22.5,New,0.1,0.1,0.1,,,,,,,,
F3A937,CORCELIP,CORCELIP,EL AGUSTINO,2021-06-18 16:13:12.3750000 +00:00,IP2449493S,243745,Truck - Dump,S2.C4.D4,Generic,Generic,3A124BBA-6ECB-46A8-8932-06D24E55E3B9,F3A937020401,2RO,Ninguno,Ninguno,11R22.5,New,0.1,0,0.1,,,,,,,,
F3A937,CORCELIP,CORCELIP,EL AGUSTINO,2021-06-18 16:13:12.3750000 +00:00,IP2449493S,243745,Truck - Dump,S2.C4.D4,Generic,Generic,3A124BBA-6ECB-46A8-8932-06D24E55E3B9,33002,3LI,ROADLUX,R305,11R22.5,New,18.9,20,20.8,,,,,,,,
F3A937,CORCELIP,CORCELIP,EL AGUSTINO,2021-06-18 16:13:12.3750000 +00:00,IP2449493S,243745,Truck - Dump,S2.C4.D4,Generic,Generic,3A124BBA-6ECB-46A8-8932-06D24E55E3B9,33001,3LO,ROADLUX,R305,11R22.5,New,20.4,20.4,20.3,,,,,,,,
F3A937,CORCELIP,CORCELIP,EL AGUSTINO,2021-06-18 16:13:12.3750000 +00:00,IP2449493S,243745,Truck - Dump,S2.C4.D4,Generic,Generic,3A124BBA-6ECB-46A8-8932-06D24E55E3B9,33003,3RI,ROADLUX,R305,11R22.5,New,18.8,19.8,20.4,,,,,,,,
F3A937,CORCELIP,CORCELIP,EL AGUSTINO,2021-06-18 16:13:12.3750000 +00:00,IP2449493S,243745,Truck - Dump,S2.C4.D4,Generic,Generic,3A124BBA-6ECB-46A8-8932-06D24E55E3B9,33004,3RO,ROADLUX,R305,11R22.5,New,20.7,20.4,19.6,,,,,,,,
BCD828,CORCELIP,CORCELIP,EL AGUSTINO,2021-06-18 16:53:07.9240000 +00:00,IP2449511S,25262,Truck - Dump,S2.C4.D4,Generic,Generic,3A124BBA-6ECB-46A8-8932-06D24E55E3B9,BCD828010101,1LI,Ninguno,Ninguno,11R22.5,New,5.5,4.8,6.7,,,,,,,,
BCD828,CORCELIP,CORCELIP,EL AGUSTINO,2021-06-18 16:53:07.9240000 +00:00,IP2449511S,25262,Truck - Dump,S2.C4.D4,Generic,Generic,3A124BBA-6ECB-46A8-8932-06D24E55E3B9,BCD828010401,1RI,Ninguno,Ninguno,11R22.5,New,6.4,4.4,6.3,,,,,,,,
BCD828,CORCELIP,CORCELIP,EL AGUSTINO,2021-06-18 16:53:07.9240000 +00:00,IP2449511S,25262,Truck - Dump,S2.C4.D4,Generic,Generic,3A124BBA-6ECB-46A8-8932-06D24E55E3B9,BCD828020201,2LI,Ninguno,Ninguno,275/80R22.5,New,4.2,5,5.5,,,,,,,,
BCD828,CORCELIP,CORCELIP,EL AGUSTINO,2021-06-18 16:53:07.9240000 +00:00,IP2449511S,25262,Truck - Dump,S2.C4.D4,Generic,Generic,3A124BBA-6ECB-46A8-8932-06D24E55E3B9,BCD828020101,2LO,Ninguno,Ninguno,275/80R22.5,New,2.3,2.1,2.6,,,,,,,,
BCD828,CORCELIP,CORCELIP,EL AGUSTINO,2021-06-18 16:53:07.9240000 +00:00,IP2449511S,25262,Truck - Dump,S2.C4.D4,Generic,Generic,3A124BBA-6ECB-46A8-8932-06D24E55E3B9,BCD828020301,2RI,Ninguno,Ninguno,275/80R22.5,New,4,4.3,2.8,,,,,,,,
BCD828,CORCELIP,CORCELIP,EL AGUSTINO,2021-06-18 16:53:07.9240000 +00:00,IP2449511S,25262,Truck - Dump,S2.C4.D4,Generic,Generic,3A124BBA-6ECB-46A8-8932-06D24E55E3B9,BCD828020401,2RO,Ninguno,Ninguno,275/80R22.5,New,3.1,4,4.1,,,,,,,,
BCD828,CORCELIP,CORCELIP,EL AGUSTINO,2021-06-18 16:53:07.9240000 +00:00,IP2449511S,25262,Truck - Dump,S2.C4.D4,Generic,Generic,3A124BBA-6ECB-46A8-8932-06D24E55E3B9,63045,3LI,ARMKING,RK29,11R22.5,New,9.5,9.2,8.6,,,,,,,,
BCD828,CORCELIP,CORCELIP,EL AGUSTINO,2021-06-18 16:53:07.9240000 +00:00,IP2449511S,25262,Truck - Dump,S2.C4.D4,Generic,Generic,3A124BBA-6ECB-46A8-8932-06D24E55E3B9,63047,3LO,ARMKING,RK29,11R22.5,New,9.9,10.4,10.7,,,,,,,,
BCD828,CORCELIP,CORCELIP,EL AGUSTINO,2021-06-18 16:53:07.9240000 +00:00,IP2449511S,25262,Truck - Dump,S2.C4.D4,Generic,Generic,3A124BBA-6ECB-46A8-8932-06D24E55E3B9,63046,3RI,ARMKING,RK29,11R22.5,New,8.8,9.1,9.3,,,,,,,,
BCD828,CORCELIP,CORCELIP,EL AGUSTINO,2021-06-18 16:53:07.9240000 +00:00,IP2449511S,25262,Truck - Dump,S2.C4.D4,Generic,Generic,3A124BBA-6ECB-46A8-8932-06D24E55E3B9,63048,3RO,ARMKING,RK29,11R22.5,New,9.7,8.7,9.8,,,,,,,,
ALU731,CORCELIP,CORCELIP,EL AGUSTINO,2021-06-18 17:43:48.5130000 +00:00,IP2449541S,177874,Truck - Dump,S2.C4.D4,Generic,Generic,3A124BBA-6ECB-46A8-8932-06D24E55E3B9,33009,1LI,Super Cargo,SC519,11R22.5,New,10.1,10.4,11.4,,,,,,,,
ALU731,CORCELIP,CORCELIP,EL AGUSTINO,2021-06-18 17:43:48.5130000 +00:00,IP2449541S,177874,Truck - Dump,S2.C4.D4,Generic,Generic,3A124BBA-6ECB-46A8-8932-06D24E55E3B9,33011,1RI,Super Cargo,SC519,11R22.5,New,11.8,11.9,12.6,,,,,,,,
ALU731,CORCELIP,CORCELIP,EL AGUSTINO,2021-06-18 17:43:48.5130000 +00:00,IP2449541S,177874,Truck - Dump,S2.C4.D4,Generic,Generic,3A124BBA-6ECB-46A8-8932-06D24E55E3B9,ALU731020201,2LI,Ninguno,Ninguno,11R22.5,New,6.8,6,5.1,,,,,,,,
ALU731,CORCELIP,CORCELIP,EL AGUSTINO,2021-06-18 17:43:48.5130000 +00:00,IP2449541S,177874,Truck - Dump,S2.C4.D4,Generic,Generic,3A124BBA-6ECB-46A8-8932-06D24E55E3B9,ALU731020101,2LO,Ninguno,Ninguno,11R22.5,New,3.6,3.4,2.8,,,,,,,,
ALU731,CORCELIP,CORCELIP,EL AGUSTINO,2021-06-18 17:43:48.5130000 +00:00,IP2449541S,177874,Truck - Dump,S2.C4.D4,Generic,Generic,3A124BBA-6ECB-46A8-8932-06D24E55E3B9,ALU731020301,2RI,Ninguno,Ninguno,11R22.5,New,3.3,3.2,3.8,,,,,,,,
ALU731,CORCELIP,CORCELIP,EL AGUSTINO,2021-06-18 17:43:48.5130000 +00:00,IP2449541S,177874,Truck - Dump,S2.C4.D4,Generic,Generic,3A124BBA-6ECB-46A8-8932-06D24E55E3B9,ALU731020401,2RO,Ninguno,Ninguno,11R22.5,New,4.3,3.7,4.4,,,,,,,,
ALU731,CORCELIP,CORCELIP,EL AGUSTINO,2021-06-18 17:43:48.5130000 +00:00,IP2449541S,177874,Truck - Dump,S2.C4.D4,Generic,Generic,3A124BBA-6ECB-46A8-8932-06D24E55E3B9,ALU731030201,3LI,Ninguno,Ninguno,11R22.5,New,3.2,3.2,4.7,,,,,,,,
ALU731,CORCELIP,CORCELIP,EL AGUSTINO,2021-06-18 17:43:48.5130000 +00:00,IP2449541S,177874,Truck - Dump,S2.C4.D4,Generic,Generic,3A124BBA-6ECB-46A8-8932-06D24E55E3B9,ALU731030101,3LO,Ninguno,Ninguno,11R22.5,New,10.8,11.8,11.6,,,,,,,,
ALU731,CORCELIP,CORCELIP,EL AGUSTINO,2021-06-18 17:43:48.5130000 +00:00,IP2449541S,177874,Truck - Dump,S2.C4.D4,Generic,Generic,3A124BBA-6ECB-46A8-8932-06D24E55E3B9,ALU731030301,3RI,Ninguno,Ninguno,11R22.5,New,12.2,11.9,10.9,,,,,,,,
ALU731,CORCELIP,CORCELIP,EL AGUSTINO,2021-06-18 17:43:48.5130000 +00:00,IP2449541S,177874,Truck - Dump,S2.C4.D4,Generic,Generic,3A124BBA-6ECB-46A8-8932-06D24E55E3B9,ALU731030401,3RO,Ninguno,Ninguno,11R22.5,New,13.9,13.8,12.2,,,,,,,,
ALU734,CORCELIP,CORCELIP,EL AGUSTINO,2021-06-18 17:57:39.7530000 +00:00,IP2449551S,185147,Truck - Dump,S2.C4.D4,Generic,Generic,3A124BBA-6ECB-46A8-8932-06D24E55E3B9,ALU734010101,1LI,Ninguno,Ninguno,11R22.5,New,9.5,9.5,10.3,,,,,,,,
ALU734,CORCELIP,CORCELIP,EL AGUSTINO,2021-06-18 17:57:39.7530000 +00:00,IP2449551S,185147,Truck - Dump,S2.C4.D4,Generic,Generic,3A124BBA-6ECB-46A8-8932-06D24E55E3B9,ALU734010401,1RI,Ninguno,Ninguno,11R22.5,New,11.1,11.1,11.7,,,,,,,,
ALU734,CORCELIP,CORCELIP,EL AGUSTINO,2021-06-18 17:57:39.7530000 +00:00,IP2449551S,185147,Truck - Dump,S2.C4.D4,Generic,Generic,3A124BBA-6ECB-46A8-8932-06D24E55E3B9,ALU734020201,2LI,Ninguno,Ninguno,11R22.5,New,7.5,7.1,6,,,,,,,,
ALU734,CORCELIP,CORCELIP,EL AGUSTINO,2021-06-18 17:57:39.7530000 +00:00,IP2449551S,185147,Truck - Dump,S2.C4.D4,Generic,Generic,3A124BBA-6ECB-46A8-8932-06D24E55E3B9,ALU734020101,2LO,Ninguno,Ninguno,11R22.5,New,4.5,4.4,4.9,,,,,,,,
ALU734,CORCELIP,CORCELIP,EL AGUSTINO,2021-06-18 17:57:39.7530000 +00:00,IP2449551S,185147,Truck - Dump,S2.C4.D4,Generic,Generic,3A124BBA-6ECB-46A8-8932-06D24E55E3B9,ALU734020301,2RI,Ninguno,Ninguno,11R22.5,New,3.8,3.8,5.3,,,,,,,,
ALU734,CORCELIP,CORCELIP,EL AGUSTINO,2021-06-18 17:57:39.7530000 +00:00,IP2449551S,185147,Truck - Dump,S2.C4.D4,Generic,Generic,3A124BBA-6ECB-46A8-8932-06D24E55E3B9,ALU734020401,2RO,Ninguno,Ninguno,11R22.5,New,5.6,4.4,3.6,,,,,,,,
ALU734,CORCELIP,CORCELIP,EL AGUSTINO,2021-06-18 17:57:39.7530000 +00:00,IP2449551S,185147,Truck - Dump,S2.C4.D4,Generic,Generic,3A124BBA-6ECB-46A8-8932-06D24E55E3B9,ALU734030201,3LI,Super Cargo,SC305,11R22.5,New,7.5,8,9.3,,,,,,,,
ALU734,CORCELIP,CORCELIP,EL AGUSTINO,2021-06-18 17:57:39.7530000 +00:00,IP2449551S,185147,Truck - Dump,S2.C4.D4,Generic,Generic,3A124BBA-6ECB-46A8-8932-06D24E55E3B9,ALU734030101,3LO,Super Cargo,SC305,11R22.5,New,7.9,7.6,8.3,,,,,,,,
ALU734,CORCELIP,CORCELIP,EL AGUSTINO,2021-06-18 17:57:39.7530000 +00:00,IP2449551S,185147,Truck - Dump,S2.C4.D4,Generic,Generic,3A124BBA-6ECB-46A8-8932-06D24E55E3B9,ALU734030301,3RI,Super Cargo,SC305,11R22.5,New,6.1,6,5.5,,,,,,,,
ALU734,CORCELIP,CORCELIP,EL AGUSTINO,2021-06-18 17:57:39.7530000 +00:00,IP2449551S,185147,Truck - Dump,S2.C4.D4,Generic,Generic,3A124BBA-6ECB-46A8-8932-06D24E55E3B9,ALU734030401,3RO,Super Cargo,SC305,11R22.5,New,8,7.3,8,,,,,,,,
AYK702,CORCELIP,CORCELIP,EL AGUSTINO,2021-06-18 18:37:53.3400000 +00:00,IP2449695S,95129,Truck - Dump,S2.C4.D4,Generic,Generic,3A124BBA-6ECB-46A8-8932-06D24E55E3B9,43016,1LI,Super Cargo,SC519,11R22.5,New,12.9,13.4,13.5,,,,,,,,
AYK702,CORCELIP,CORCELIP,EL AGUSTINO,2021-06-18 18:37:53.3400000 +00:00,IP2449695S,95129,Truck - Dump,S2.C4.D4,Generic,Generic,3A124BBA-6ECB-46A8-8932-06D24E55E3B9,43015,1RI,Super Cargo,SC519,11R22.5,New,13,13.5,14.1,,,,,,,,
AYK702,CORCELIP,CORCELIP,EL AGUSTINO,2021-06-18 18:37:53.3400000 +00:00,IP2449695S,95129,Truck - Dump,S2.C4.D4,Generic,Generic,3A124BBA-6ECB-46A8-8932-06D24E55E3B9,AYK702020201,2LI,Ninguno,Ninguno,11R22.5,New,2.1,2.1,1.7,,,,,,,,
AYK702,CORCELIP,CORCELIP,EL AGUSTINO,2021-06-18 18:37:53.3400000 +00:00,IP2449695S,95129,Truck - Dump,S2.C4.D4,Generic,Generic,3A124BBA-6ECB-46A8-8932-06D24E55E3B9,AYK702020101,2LO,Ninguno,Ninguno,11R22.5,New,4,4.4,4.9,,,,,,,,
AYK702,CORCELIP,CORCELIP,EL AGUSTINO,2021-06-18 18:37:53.3400000 +00:00,IP2449695S,95129,Truck - Dump,S2.C4.D4,Generic,Generic,3A124BBA-6ECB-46A8-8932-06D24E55E3B9,AYK702020301,2RI,Ninguno,Ninguno,11R22.5,New,4.4,4.9,6.3,,,,,,,,
AYK702,CORCELIP,CORCELIP,EL AGUSTINO,2021-06-18 18:37:53.3400000 +00:00,IP2449695S,95129,Truck - Dump,S2.C4.D4,Generic,Generic,3A124BBA-6ECB-46A8-8932-06D24E55E3B9,AYK702020401,2RO,Ninguno,Ninguno,11R22.5,New,3.4,3.1,3.4,,,,,,,,
AYK702,CORCELIP,CORCELIP,EL AGUSTINO,2021-06-18 18:37:53.3400000 +00:00,IP2449695S,95129,Truck - Dump,S2.C4.D4,Generic,Generic,3A124BBA-6ECB-46A8-8932-06D24E55E3B9,53030,3LI,ARMKING,RK29,11R22.5,NULL,15.2,16,16.2,,,,,,,,
AYK702,CORCELIP,CORCELIP,EL AGUSTINO,2021-06-18 18:37:53.3400000 +00:00,IP2449695S,95129,Truck - Dump,S2.C4.D4,Generic,Generic,3A124BBA-6ECB-46A8-8932-06D24E55E3B9,53029,3LO,ARMKING,RK29,11R22.5,NULL,15.8,16.2,17.3,,,,,,,,
AYK702,CORCELIP,CORCELIP,EL AGUSTINO,2021-06-18 18:37:53.3400000 +00:00,IP2449695S,95129,Truck - Dump,S2.C4.D4,Generic,Generic,3A124BBA-6ECB-46A8-8932-06D24E55E3B9,53032,3RI,ARMKING,RK29,11R22.5,NULL,16.5,16.8,16.6,,,,,,,,
AYK702,CORCELIP,CORCELIP,EL AGUSTINO,2021-06-18 18:37:53.3400000 +00:00,IP2449695S,95129,Truck - Dump,S2.C4.D4,Generic,Generic,3A124BBA-6ECB-46A8-8932-06D24E55E3B9,53031,3RO,ARMKING,RK29,11R22.5,NULL,15,16.9,16.7,,,,,,,,
AVP751,CORCELIP,CORCELIP,EL AGUSTINO,2021-06-18 19:00:00.5010000 +00:00,IP2449916S,79149,Truck - Dump,S2.C4.D4,Generic,Generic,3A124BBA-6ECB-46A8-8932-06D24E55E3B9,33010,1LI,Super Cargo,SC519,11R22.5,New,10.2,8.8,9.1,,,,,,,,
AVP751,CORCELIP,CORCELIP,EL AGUSTINO,2021-06-18 19:00:00.5010000 +00:00,IP2449916S,79149,Truck - Dump,S2.C4.D4,Generic,Generic,3A124BBA-6ECB-46A8-8932-06D24E55E3B9,33012,1RI,Super Cargo,SC519,11R22.5,New,10.5,10.1,11.2,,,,,,,,
AVP751,CORCELIP,CORCELIP,EL AGUSTINO,2021-06-18 19:00:00.5010000 +00:00,IP2449916S,79149,Truck - Dump,S2.C4.D4,Generic,Generic,3A124BBA-6ECB-46A8-8932-06D24E55E3B9,AVP751020201,2LI,Ninguno,Ninguno,11R22.5,New,2.3,2.1,2.5,,,,,,,,
AVP751,CORCELIP,CORCELIP,EL AGUSTINO,2021-06-18 19:00:00.5010000 +00:00,IP2449916S,79149,Truck - Dump,S2.C4.D4,Generic,Generic,3A124BBA-6ECB-46A8-8932-06D24E55E3B9,AVP751020101,2LO,Ninguno,Ninguno,11R22.5,New,4.7,4.1,4.6,,,,,,,,
AVP751,CORCELIP,CORCELIP,EL AGUSTINO,2021-06-18 19:00:00.5010000 +00:00,IP2449916S,79149,Truck - Dump,S2.C4.D4,Generic,Generic,3A124BBA-6ECB-46A8-8932-06D24E55E3B9,AVP751020301,2RI,Ninguno,Ninguno,11R22.5,New,2.3,2.2,1.7,,,,,,,,
AVP751,CORCELIP,CORCELIP,EL AGUSTINO,2021-06-18 19:00:00.5010000 +00:00,IP2449916S,79149,Truck - Dump,S2.C4.D4,Generic,Generic,3A124BBA-6ECB-46A8-8932-06D24E55E3B9,AVP751020401,2RO,Ninguno,Ninguno,11R22.5,New,4.4,3.5,2,,,,,,,,
AVP751,CORCELIP,CORCELIP,EL AGUSTINO,2021-06-18 19:00:00.5010000 +00:00,IP2449916S,79149,Truck - Dump,S2.C4.D4,Generic,Generic,3A124BBA-6ECB-46A8-8932-06D24E55E3B9,43017,3LI,ARMKING,RK29,11R22.5,New,11.3,11.9,12.6,,,,,,,,
AVP751,CORCELIP,CORCELIP,EL AGUSTINO,2021-06-18 19:00:00.5010000 +00:00,IP2449916S,79149,Truck - Dump,S2.C4.D4,Generic,Generic,3A124BBA-6ECB-46A8-8932-06D24E55E3B9,43020,3LO,ARMKING,RK29,11R22.5,New,13.1,12.7,12.2,,,,,,,,
AVP751,CORCELIP,CORCELIP,EL AGUSTINO,2021-06-18 19:00:00.5010000 +00:00,IP2449916S,79149,Truck - Dump,S2.C4.D4,Generic,Generic,3A124BBA-6ECB-46A8-8932-06D24E55E3B9,430017,3RI,ARMKING,RK29,11R22.5,New,13.3,13.1,12.2,,,,,,,,
AVP751,CORCELIP,CORCELIP,EL AGUSTINO,2021-06-18 19:00:00.5010000 +00:00,IP2449916S,79149,Truck - Dump,S2.C4.D4,Generic,Generic,3A124BBA-6ECB-46A8-8932-06D24E55E3B9,43018,3RO,ARMKING,RK29,11R22.5,New,12,12.4,10.9,,,,,,,,
ARI819,CORCELIP,CORCELIP,EL AGUSTINO,2021-06-18 19:17:35.9260000 +00:00,IP2449925S,162825,Truck - Dump,S2.C4.D4,Generic,Generic,3A124BBA-6ECB-46A8-8932-06D24E55E3B9,43013,1LI,Super Cargo,SC519,11R22.5,New,11,10.7,10.7,,,,,,,,
ARI819,CORCELIP,CORCELIP,EL AGUSTINO,2021-06-18 19:17:35.9260000 +00:00,IP2449925S,162825,Truck - Dump,S2.C4.D4,Generic,Generic,3A124BBA-6ECB-46A8-8932-06D24E55E3B9,43014,1RI,Super Cargo,SC519,11R22.5,New,12,11.5,11.5,,,,,,,,
ARI819,CORCELIP,CORCELIP,EL AGUSTINO,2021-06-18 19:17:35.9260000 +00:00,IP2449925S,162825,Truck - Dump,S2.C4.D4,Generic,Generic,3A124BBA-6ECB-46A8-8932-06D24E55E3B9,ARI819020201,2LI,Ninguno,Ninguno,11R22.5,New,3.5,3.3,3.7,,,,,,,,
ARI819,CORCELIP,CORCELIP,EL AGUSTINO,2021-06-18 19:17:35.9260000 +00:00,IP2449925S,162825,Truck - Dump,S2.C4.D4,Generic,Generic,3A124BBA-6ECB-46A8-8932-06D24E55E3B9,ARI819020101,2LO,Ninguno,Ninguno,11R22.5,New,5.6,5.2,4.2,,,,,,,,
ARI819,CORCELIP,CORCELIP,EL AGUSTINO,2021-06-18 19:17:35.9260000 +00:00,IP2449925S,162825,Truck - Dump,S2.C4.D4,Generic,Generic,3A124BBA-6ECB-46A8-8932-06D24E55E3B9,ARI819020301,2RI,Ninguno,Ninguno,11R22.5,New,2.8,2.9,3.5,,,,,,,,
ARI819,CORCELIP,CORCELIP,EL AGUSTINO,2021-06-18 19:17:35.9260000 +00:00,IP2449925S,162825,Truck - Dump,S2.C4.D4,Generic,Generic,3A124BBA-6ECB-46A8-8932-06D24E55E3B9,ARI819020401,2RO,Ninguno,Ninguno,11R22.5,New,2.9,3.1,3.8,,,,,,,,
ARI819,CORCELIP,CORCELIP,EL AGUSTINO,2021-06-18 19:17:35.9260000 +00:00,IP2449925S,162825,Truck - Dump,S2.C4.D4,Generic,Generic,3A124BBA-6ECB-46A8-8932-06D24E55E3B9,ARI819030201,3LI,ARMKING,RK29,11R22.5,NULL,18,18.6,18.4,,,,,,,,
ARI819,CORCELIP,CORCELIP,EL AGUSTINO,2021-06-18 19:17:35.9260000 +00:00,IP2449925S,162825,Truck - Dump,S2.C4.D4,Generic,Generic,3A124BBA-6ECB-46A8-8932-06D24E55E3B9,63037,3LO,ARMKING,RK29,11R22.5,NULL,18.1,18.4,18.7,,,,,,,,
ARI819,CORCELIP,CORCELIP,EL AGUSTINO,2021-06-18 19:17:35.9260000 +00:00,IP2449925S,162825,Truck - Dump,S2.C4.D4,Generic,Generic,3A124BBA-6ECB-46A8-8932-06D24E55E3B9,63039,3RI,ARMKING,RK29,11R22.5,NULL,18.6,18.6,18.5,,,,,,,,
ARI819,CORCELIP,CORCELIP,EL AGUSTINO,2021-06-18 19:17:35.9260000 +00:00,IP2449925S,162825,Truck - Dump,S2.C4.D4,Generic,Generic,3A124BBA-6ECB-46A8-8932-06D24E55E3B9,63040,3RO,ARMKING,RK29,11R22.5,NULL,18.3,18.8,18.8,,,,,,,,
